{
    "value": 0.0,
    "params": {
        "learning_rate": 5.6115164153345e-05,
        "gamma": 0.9941207163345817,
        "ent_coef": 0.0029106359131330704
    },
    "trial_number": 0
}